{"cameraMode":{"drawMode":0,"name":"Shaded","section":"Shading Mode"},"sceneLighting":false,"audioPlay":false,"sceneViewState":{"m_AlwaysRefresh":false,"showFog":true,"showSkybox":false,"showFlares":true,"showImageEffects":true,"showParticleSystems":true,"showVisualEffectGraphs":true,"m_FxEnabled":true},"in2DMode":false,"pivot":{"x":2.117612361907959,"y":0.18739289045333863,"z":-2.5748424530029299},"rotation":{"x":0.00046591536374762654,"y":0.9994301795959473,"z":-0.015302244573831559,"w":0.03029295988380909},"size":1.5631071329116822,"orthographic":false}