{"cameraMode":{"drawMode":0,"name":"Shaded","section":"Shading Mode"},"sceneLighting":false,"audioPlay":false,"sceneViewState":{"m_AlwaysRefresh":false,"showFog":false,"showSkybox":false,"showFlares":false,"showImageEffects":false,"showParticleSystems":false,"showVisualEffectGraphs":true,"m_FxEnabled":true},"in2DMode":false,"pivot":{"x":-0.00024688243865966797,"y":0.8311396837234497,"z":0.0024426132440567018},"rotation":{"x":-0.030028145760297777,"y":0.9669865965843201,"z":-0.1360827088356018,"w":-0.21339455246925355},"size":1.32961106300354,"orthographic":false}