{"cameraMode":{"drawMode":0,"name":"Shaded","section":"Shading Mode"},"sceneLighting":true,"audioPlay":false,"sceneViewState":{"m_AlwaysRefresh":false,"showFog":true,"showSkybox":true,"showFlares":true,"showImageEffects":true,"showParticleSystems":true,"showVisualEffectGraphs":true,"m_FxEnabled":true},"in2DMode":false,"pivot":{"x":0.5203793048858643,"y":1.3798942565917969,"z":0.313051700592041},"rotation":{"x":-0.004678964149206877,"y":0.9878723621368408,"z":-0.1526469886302948,"w":-0.029969215393066407},"size":0.4024103283882141,"orthographic":false}