{"cameraMode":{"drawMode":0,"name":"Shaded","section":"Shading Mode"},"sceneLighting":true,"audioPlay":false,"sceneViewState":{"m_AlwaysRefresh":false,"showFog":true,"showSkybox":true,"showFlares":true,"showImageEffects":true,"showParticleSystems":true,"showVisualEffectGraphs":true,"m_FxEnabled":true},"in2DMode":false,"pivot":{"x":5.413629531860352,"y":1.1634935140609742,"z":0.08025264739990235},"rotation":{"x":-0.004476252943277359,"y":-0.10331450402736664,"z":-0.00046602037036791444,"w":0.9946424961090088},"size":13.06307601928711,"orthographic":false}