{"cameraMode":{"drawMode":0,"name":"Shaded","section":"Shading Mode"},"sceneLighting":true,"audioPlay":false,"sceneViewState":{"m_AlwaysRefresh":false,"showFog":true,"showSkybox":true,"showFlares":true,"showImageEffects":true,"showParticleSystems":true,"showVisualEffectGraphs":true,"m_FxEnabled":true},"in2DMode":false,"pivot":{"x":10.87968635559082,"y":1.4144757986068726,"z":1.2258377075195313},"rotation":{"x":-0.004476252943277359,"y":-0.10331450402736664,"z":-0.00046602037036791444,"w":0.9946424961090088},"size":4.899996757507324,"orthographic":false}