{"cameraMode":{"drawMode":0,"name":"Shaded","section":"Shading Mode"},"sceneLighting":true,"audioPlay":false,"sceneViewState":{"m_AlwaysRefresh":false,"showFog":true,"showSkybox":true,"showFlares":true,"showImageEffects":true,"showParticleSystems":true,"showVisualEffectGraphs":true,"m_FxEnabled":true},"in2DMode":false,"pivot":{"x":1014.2243041992188,"y":83.8753433227539,"z":538.887451171875},"rotation":{"x":-0.004476252943277359,"y":-0.10331450402736664,"z":-0.00046602037036791444,"w":0.9946424961090088},"size":1560.28173828125,"orthographic":false}