{"cameraMode":{"drawMode":0,"name":"Shaded","section":"Shading Mode"},"sceneLighting":false,"audioPlay":false,"sceneViewState":{"m_AlwaysRefresh":false,"showFog":false,"showSkybox":false,"showFlares":false,"showImageEffects":false,"showParticleSystems":false,"showVisualEffectGraphs":true,"m_FxEnabled":true},"in2DMode":false,"pivot":{"x":0.000016748905181884766,"y":0.8316175937652588,"z":0.026413366198539735},"rotation":{"x":-0.07368356734514237,"y":0.04065814986824989,"z":-0.003004256868734956,"w":-0.9964717626571655},"size":1.3218719959259034,"orthographic":false}