{"cameraMode":{"drawMode":0,"name":"Shaded","section":"Shading Mode"},"sceneLighting":false,"audioPlay":false,"sceneViewState":{"m_AlwaysRefresh":false,"showFog":true,"showSkybox":false,"showFlares":true,"showImageEffects":true,"showParticleSystems":true,"showVisualEffectGraphs":true,"m_FxEnabled":true},"in2DMode":false,"pivot":{"x":3.7047040462493898,"y":1.70133638381958,"z":16.078140258789064},"rotation":{"x":0.0010288790799677373,"y":0.9981521368026733,"z":0.017659561708569528,"w":-0.05815695598721504},"size":1.5168851613998414,"orthographic":false}