{"cameraMode":{"drawMode":0,"name":"Shaded","section":"Shading Mode"},"sceneLighting":false,"audioPlay":false,"sceneViewState":{"m_AlwaysRefresh":false,"showFog":false,"showSkybox":false,"showFlares":false,"showImageEffects":false,"showParticleSystems":false,"showVisualEffectGraphs":true,"m_FxEnabled":true},"in2DMode":false,"pivot":{"x":0.00007915496826171875,"y":0.8380330801010132,"z":0.019119977951049806},"rotation":{"x":-0.0013049582485109568,"y":0.9971228837966919,"z":-0.07373109459877014,"w":-0.017649656161665918},"size":1.1964566707611085,"orthographic":false}