{"cameraMode":{"drawMode":0,"name":"Shaded","section":"Shading Mode"},"sceneLighting":false,"audioPlay":false,"sceneViewState":{"m_AlwaysRefresh":false,"showFog":true,"showSkybox":false,"showFlares":true,"showImageEffects":true,"showParticleSystems":true,"showVisualEffectGraphs":true,"m_FxEnabled":true},"in2DMode":false,"pivot":{"x":-2.502492666244507,"y":0.1438886523246765,"z":18.31917953491211},"rotation":{"x":0.003380413865670562,"y":0.9886936545372009,"z":-0.14822275936603547,"w":0.022547373548150064},"size":1.2959727048873902,"orthographic":false}