{"cameraMode":{"drawMode":0,"name":"Shaded","section":"Shading Mode"},"sceneLighting":false,"audioPlay":false,"sceneViewState":{"m_AlwaysRefresh":false,"showFog":true,"showSkybox":false,"showFlares":true,"showImageEffects":true,"showParticleSystems":true,"showVisualEffectGraphs":true,"m_FxEnabled":true},"in2DMode":false,"pivot":{"x":6.625803470611572,"y":0.24575966596603394,"z":12.144257545471192},"rotation":{"x":0.003380413865670562,"y":0.9886936545372009,"z":-0.14822275936603547,"w":0.022547373548150064},"size":1.5137189626693726,"orthographic":false}