{"cameraMode":{"drawMode":0,"name":"Shaded","section":"Shading Mode"},"sceneLighting":false,"audioPlay":false,"sceneViewState":{"m_AlwaysRefresh":false,"showFog":true,"showSkybox":false,"showFlares":true,"showImageEffects":true,"showParticleSystems":true,"showVisualEffectGraphs":true,"m_FxEnabled":true},"in2DMode":false,"pivot":{"x":2.8474977016448976,"y":0.1451880931854248,"z":18.095861434936525},"rotation":{"x":-0.001157645951025188,"y":0.9612382650375366,"z":-0.2756899297237396,"w":-0.004036072641611099},"size":1.5320417881011963,"orthographic":false}